rollout/ep_rew_mean,rollout/ep_len_mean,time/iterations,time/fps,time/total_timesteps,time/time_elapsed,train/entropy_loss,train/loss,train/n_updates,train/clip_fraction,train/value_loss,train/std,train/policy_gradient_loss,train/explained_variance,train/learning_rate,train/approx_kl,train/clip_range
2.47821307182312,2000.0,1,803,2048,2,,,,,,,,,,,
-5.687472343444824,2000.0,2,728,4096,5,-5.678673422336578,0.3460790514945984,10,0.0791015625,1.0613044805824756,1.0011093616485596,-0.007218891393858939,0.015526831150054932,0.0001,0.0069207437,0.2
-1.7376888990402222,2000.0,3,629,6144,9,-5.679444152116775,0.5509660243988037,20,0.031103515625,1.021188448369503,1.0005900859832764,-0.0038873911631526425,-0.06887900829315186,0.0001,0.005567206,0.2
2.0130200386047363,2000.0,4,631,8192,12,-5.679309976100922,0.3958318829536438,30,0.092041015625,0.8854797713458538,1.001523733139038,-0.009463863453129306,0.0951964259147644,0.0001,0.0083520245,0.2
4.675302982330322,2000.0,5,639,10240,16,-5.682979410886764,0.31934016942977905,40,0.081982421875,0.7581076350063085,1.0020017623901367,-0.008675430080620572,0.10780125856399536,0.0001,0.007944575,0.2
5.400331497192383,2000.0,6,639,12288,19,-5.684821897745133,0.38599735498428345,50,0.044091796875,0.8434499472379684,1.002453327178955,-0.004251170184579678,-0.10186469554901123,0.0001,0.005828599,0.2
6.41731595993042,2000.0,7,617,14336,23,-5.684590137004852,0.4439826011657715,60,0.047998046875,0.9475972346961499,1.0016670227050781,-0.005966989006265066,0.0062468647956848145,0.0001,0.006384387,0.2
6.965764999389648,2000.0,8,623,16384,26,-5.681910276412964,0.23367512226104736,70,0.055908203125,0.799436555057764,1.0012702941894531,-0.005960424084332771,-0.06080341339111328,0.0001,0.0062354323,0.2
7.669220924377441,2000.0,9,626,18432,29,-5.678621536493301,0.3532923758029938,80,0.05185546875,0.7311057265847921,0.9997824430465698,-0.0058291882873163555,0.010884761810302734,0.0001,0.0062153907,0.2
7.044741153717041,2000.0,10,623,20480,32,-5.674684244394302,0.17601002752780914,90,0.070068359375,0.5817544139921665,0.9999918937683105,-0.008069890685146675,0.03912806510925293,0.0001,0.008313301,0.2
5.037841796875,2000.0,11,619,22528,36,-5.673372602462768,0.2351231426000595,100,0.04013671875,0.4270254787057638,0.9983371496200562,-0.006589992978842929,0.1106916069984436,0.0001,0.0057274625,0.2
5.787614822387695,2000.0,12,621,24576,39,-5.6681216835975645,0.26754525303840637,110,0.008349609375,0.5352395102381706,0.9980647563934326,-0.0013875529082724824,0.44593971967697144,0.0001,0.0031974076,0.2
5.321938514709473,2000.0,13,625,26624,42,-5.667873424291611,0.10060667246580124,120,0.079443359375,0.6052200850099325,0.9979844093322754,-0.006987135569215752,0.272294819355011,0.0001,0.0070531056,0.2
5.724015235900879,2000.0,14,617,28672,46,-5.666376674175263,0.40533673763275146,130,0.042626953125,0.5210565369576216,0.9973129034042358,-0.005020275196875446,0.3752332925796509,0.0001,0.0055050002,0.2
5.212564945220947,2000.0,15,617,30720,49,-5.66451506614685,0.27679693698883057,140,0.067431640625,0.7055547527968884,0.9966292977333069,-0.005460048979148269,0.16261279582977295,0.0001,0.007677301,0.2
5.586685657501221,2000.0,16,619,32768,52,-5.6644720256328585,0.46703416109085083,150,0.0607421875,0.8527332562953234,0.9980368614196777,-0.0051247678406070914,0.11262798309326172,0.0001,0.007045176,0.2
5.444782257080078,2000.0,17,621,34816,55,-5.667436742782593,0.29226547479629517,160,0.041748046875,0.669669621065259,0.997439980506897,-0.0038280397333437578,0.006065309047698975,0.0001,0.004772242,0.2
4.98063850402832,2000.0,18,612,36864,60,-5.666279262304306,0.16085553169250488,170,0.046044921875,0.512582290172577,0.9979816675186157,-0.005690679154940881,0.1610214114189148,0.0001,0.006278418,0.2
5.289056777954102,2000.0,19,615,38912,63,-5.670511162281036,0.28339487314224243,180,0.046923828125,0.5625102959573269,0.9991101026535034,-0.0064681752177421,0.20924890041351318,0.0001,0.005298714,0.2
5.612403392791748,2000.0,20,617,40960,66,-5.671063470840454,0.18625763058662415,190,0.075732421875,0.525907265394926,0.998515784740448,-0.007880445869523101,0.14262521266937256,0.0001,0.006918285,0.2
4.6293535232543945,2000.0,21,617,43008,69,-5.665650951862335,0.16077497601509094,200,0.0302734375,0.47923534642904997,0.9961768388748169,-0.004448171230615116,0.142653226852417,0.0001,0.005296327,0.2
5.036159992218018,2000.0,22,612,45056,73,-5.657075357437134,0.04670289158821106,210,0.078759765625,0.475886576063931,0.9944394826889038,-0.007474487362196669,0.18503743410110474,0.0001,0.007263779,0.2
5.474422454833984,2000.0,23,615,47104,76,-5.652348929643631,0.18752650916576385,220,0.03896484375,0.4903494447469711,0.9939287900924683,-0.006055566572467796,0.48927706480026245,0.0001,0.0053868815,0.2
5.571059703826904,2000.0,24,617,49152,79,-5.650537657737732,0.1752873957157135,230,0.048876953125,0.3517876977100968,0.9935837984085083,-0.005821675472543575,0.5052473545074463,0.0001,0.0050512096,0.2
5.3259406089782715,2000.0,25,615,51200,83,-5.647904914617539,0.2939443290233612,240,0.036328125,0.48773700520396235,0.9922133088111877,-0.0033330340491374956,0.2176416516304016,0.0001,0.0040174746,0.2
5.088796138763428,2000.0,26,611,53248,87,-5.646708071231842,0.1752786636352539,250,0.058154296875,0.5145656472072005,0.9936924576759338,-0.005853118206141516,0.194752037525177,0.0001,0.00591488,0.2
5.521056652069092,2000.0,27,613,55296,90,-5.6483658134937285,0.27537912130355835,260,0.020654296875,0.513749242015183,0.9921636581420898,-0.00413189951214008,0.278351366519928,0.0001,0.005132855,0.2
5.526932716369629,2000.0,28,615,57344,93,-5.643468987941742,0.2902931869029999,270,0.065380859375,0.5019554100930691,0.991905689239502,-0.006478508713189513,0.11111599206924438,0.0001,0.0067800474,0.2
5.224471569061279,2000.0,29,611,59392,97,-5.645588517189026,0.26510387659072876,280,0.046484375,0.43710182812064885,0.9930651783943176,-0.005925773506169208,0.4530982971191406,0.0001,0.006768451,0.2
5.537644863128662,2000.0,30,612,61440,100,-5.649971407651901,0.07417834550142288,290,0.057275390625,0.43429656848311426,0.993992805480957,-0.005369118068483658,0.5216242671012878,0.0001,0.0062654233,0.2
5.39821195602417,2000.0,31,613,63488,103,-5.648712337017059,0.045436322689056396,300,0.0181640625,0.31215670332312584,0.9925743341445923,-0.003100128661026247,0.5839444994926453,0.0001,0.0031113292,0.2
5.655460357666016,2000.0,32,614,65536,106,-5.643931430578232,0.2961519956588745,310,0.0478515625,0.4662329815328121,0.9914205074310303,-0.004300811821303796,0.4002108573913574,0.0001,0.0050511505,0.2
5.361520290374756,2000.0,33,610,67584,110,-5.641970497369766,0.016705885529518127,320,0.0521484375,0.31429263204336166,0.9918999671936035,-0.006034013905446045,0.4725041389465332,0.0001,0.005869706,0.2
4.917270660400391,2000.0,34,611,69632,113,-5.644707667827606,0.17628291249275208,330,0.049658203125,0.44487101417034863,0.9929402470588684,-0.003954945621080697,0.3593931794166565,0.0001,0.0048991097,0.2
4.6390380859375,2000.0,35,612,71680,117,-5.644568598270416,0.10084979236125946,340,0.133349609375,0.39002046938985585,0.9912495613098145,-0.011522252482245676,0.2940378785133362,0.0001,0.009523729,0.2
4.522048473358154,2000.0,36,608,73728,121,-5.63849087357521,0.1349760740995407,350,0.08349609375,0.41051552891731263,0.9906051754951477,-0.007304029795341194,0.2737448215484619,0.0001,0.008239917,0.2
4.601892471313477,2000.0,37,606,75776,124,-5.63680385351181,0.13438160717487335,360,0.060400390625,0.35575617793947456,0.9902163743972778,-0.005399272125214338,0.3402513861656189,0.0001,0.0050423434,0.2
4.88710355758667,2000.0,38,608,77824,127,-5.634717261791229,0.1730974167585373,370,0.054541015625,0.4056547469459474,0.9893611073493958,-0.007418589093140327,0.044252634048461914,0.0001,0.006230535,0.2
4.94590425491333,2000.0,39,609,79872,131,-5.628894078731537,0.06491358578205109,380,0.061865234375,0.39363231677562,0.9872559309005737,-0.005354283537599258,0.1072390079498291,0.0001,0.0051309904,0.2
5.0066351890563965,2000.0,40,607,81920,134,-5.618806993961334,0.010487746447324753,390,0.02470703125,0.24871566640213133,0.984427809715271,-0.0025040443986654283,0.4128161668777466,0.0001,0.0048880815,0.2
5.087194442749023,2000.0,41,608,83968,138,-5.609607297182083,0.19805561006069183,400,0.01787109375,0.6228821843862533,0.9831877946853638,-0.0022074306471040472,0.1540626883506775,0.0001,0.00419442,0.2
5.395754337310791,2000.0,42,609,86016,141,-5.60979865193367,0.02404586225748062,410,0.02861328125,0.357365807890892,0.9845894575119019,-0.0029946174792712553,0.0877193808555603,0.0001,0.004681209,0.2
4.773334503173828,2000.0,43,610,88064,144,-5.613528102636337,0.12346875667572021,420,0.03740234375,0.4209624020382762,0.984355092048645,-0.004002883561770432,0.19959747791290283,0.0001,0.00520927,0.2
4.989260673522949,2000.0,44,608,90112,148,-5.613755232095718,0.16869643330574036,430,0.0685546875,0.42801050301641225,0.9852125644683838,-0.006839737726841122,0.18767625093460083,0.0001,0.008425183,0.2
5.122451305389404,2000.0,45,609,92160,151,-5.618902856111527,0.028076715767383575,440,0.02314453125,0.3554431736469269,0.9871841669082642,-0.002875404169753892,0.192307710647583,0.0001,0.003645788,0.2
5.043623447418213,2000.0,46,611,94208,154,-5.622815346717834,0.01393873244524002,450,0.04169921875,0.31082047428935766,0.9858351945877075,-0.0037190826231380926,0.272283673286438,0.0001,0.004773737,0.2
5.249701499938965,2000.0,47,612,96256,157,-5.618107557296753,0.21494366228580475,460,0.0509765625,0.3628577280789614,0.9859703183174133,-0.006562888086773455,0.3674262762069702,0.0001,0.005926569,0.2
5.342872619628906,2000.0,48,610,98304,161,-5.619971036911011,0.0986279845237732,470,0.026611328125,0.3526757017709315,0.9865487813949585,-0.003487285933806561,0.023607313632965088,0.0001,0.0046177614,0.2
4.691399574279785,2000.0,49,611,100352,164,-5.621382451057434,0.1355426162481308,480,0.0296875,0.35635273028165104,0.9865110516548157,-0.0030973272339906545,0.2142484188079834,0.0001,0.0037793699,0.2
4.8511738777160645,2000.0,50,612,102400,167,-5.620999121665955,0.11649668216705322,490,0.051904296875,0.4508635725826025,0.9866836071014404,-0.004464499643654562,0.48534804582595825,0.0001,0.00601004,0.2
4.9947662353515625,2000.0,51,613,104448,170,-5.617298376560211,0.055025696754455566,500,0.08740234375,0.33970906008034946,0.9839931130409241,-0.008986868223291821,0.2555925250053406,0.0001,0.008184625,0.2
5.129480361938477,2000.0,52,610,106496,174,-5.607166409492493,0.10218975692987442,510,0.0564453125,0.36949150636792183,0.9823967218399048,-0.004667856352170929,0.37105268239974976,0.0001,0.004344672,0.2
5.303432941436768,2000.0,53,611,108544,177,-5.604954534769059,0.2440340518951416,520,0.05947265625,0.4684713941067457,0.9831390380859375,-0.004640288226073608,0.04574400186538696,0.0001,0.008110047,0.2
5.466343879699707,2000.0,54,612,110592,180,-5.607972174882889,0.039533816277980804,530,0.029541015625,0.35620404221117496,0.9834848046302795,-0.003368693310767412,0.318681001663208,0.0001,0.0052329237,0.2
5.602223873138428,2000.0,55,611,112640,184,-5.607271808385849,0.1179545521736145,540,0.06142578125,0.2785362322814763,0.9826871156692505,-0.006049293714750092,0.42015141248703003,0.0001,0.0071163406,0.2
5.4048752784729,2000.0,56,610,114688,187,-5.6029262900352474,0.08609434217214584,550,0.034130859375,0.27109644617885353,0.9812821745872498,-0.004200077871792019,0.43315380811691284,0.0001,0.005972344,0.2
5.568678855895996,2000.0,57,611,116736,190,-5.598473346233368,0.17966710031032562,560,0.09140625,0.4473304646089673,0.9809183478355408,-0.007154090990661643,0.4560163617134094,0.0001,0.008402066,0.2
5.688408851623535,2000.0,58,612,118784,193,-5.597651010751724,0.049818869680166245,570,0.0703125,0.36511737052351234,0.9804889559745789,-0.0066218599327839914,0.1683717966079712,0.0001,0.0063845627,0.2
5.718642711639404,2000.0,59,611,120832,197,-5.600082617998123,0.15053796768188477,580,0.0259765625,0.3098965572193265,0.9827833771705627,-0.004294848258723505,0.4345315098762512,0.0001,0.004808005,0.2
5.864344596862793,2000.0,60,611,122880,200,-5.607740807533264,0.030811689794063568,590,0.05107421875,0.35448982995003464,0.9835767149925232,-0.00409518648230005,0.2777620553970337,0.0001,0.005098192,0.2
6.001158714294434,2000.0,61,612,124928,203,-5.608262240886688,0.09406439960002899,600,0.029931640625,0.33337443228811026,0.9828022718429565,-0.0019765204575378447,0.20533603429794312,0.0001,0.0040556723,0.2
6.1348795890808105,2000.0,62,613,126976,206,-5.604818350076675,0.037262968719005585,610,0.04921875,0.35662490110844375,0.9824095368385315,-0.0034503677597967908,0.36551588773727417,0.0001,0.0045100613,0.2
6.238142013549805,2000.0,63,612,129024,210,-5.6030867278575895,-0.01829657331109047,620,0.02373046875,0.19052600786089896,0.9816691279411316,-0.0038014630932593717,0.5940479040145874,0.0001,0.005536207,0.2
6.377817153930664,2000.0,64,613,131072,213,-5.60068364739418,-0.0008919872343540192,630,0.033642578125,0.24966899245046079,0.9813137650489807,-0.0038714349313522687,0.615418553352356,0.0001,0.005803859,0.2
5.959357738494873,2000.0,65,613,133120,217,-5.60105066895485,0.12565526366233826,640,0.063525390625,0.241876252181828,0.9823415875434875,-0.0063946132693672554,0.4862666130065918,0.0001,0.007733993,0.2
6.083869934082031,2000.0,66,614,135168,220,-5.607993733882904,-0.013419169932603836,650,0.059375,0.254601099062711,0.984542191028595,-0.006021519747446291,0.5492267608642578,0.0001,0.0075013684,0.2
6.190546989440918,2000.0,67,612,137216,224,-5.612136459350586,-0.025458116084337234,660,0.05791015625,0.20436745490878822,0.9837198853492737,-0.004132739527267404,0.4192313551902771,0.0001,0.005968696,0.2
6.294593811035156,2000.0,68,613,139264,227,-5.607380384206772,0.06302644312381744,670,0.036376953125,0.2487790656276047,0.982637882232666,-0.004586778771772515,0.4795563220977783,0.0001,0.0058089728,0.2
6.382365703582764,2000.0,69,614,141312,230,-5.603417640924453,0.09144686162471771,680,0.02578125,0.2554765305481851,0.9818639755249023,-0.00303161283954978,0.4764310121536255,0.0001,0.005059072,0.2
6.512661933898926,2000.0,70,614,143360,233,-5.600756061077118,0.12941689789295197,690,0.0564453125,0.3547173900529742,0.9815627932548523,-0.005064861197024584,0.29461461305618286,0.0001,0.0067632953,0.2
6.5929059982299805,2000.0,71,613,145408,237,-5.600686949491501,0.0505480095744133,700,0.056005859375,0.2772247820161283,0.9816940426826477,-0.00498458631336689,0.4489286541938782,0.0001,0.0067548784,0.2
6.71406364440918,2000.0,72,613,147456,240,-5.602129554748535,-0.009964179247617722,710,0.047802734375,0.20534272193908693,0.9823739528656006,-0.005325417753192596,0.565780520439148,0.0001,0.0061901244,0.2
6.8214569091796875,2000.0,73,614,149504,243,-5.606379288434982,0.031540244817733765,720,0.029931640625,0.34056379832327366,0.9835742115974426,-0.004352128005120903,0.4999351501464844,0.0001,0.005473652,0.2
6.728912353515625,2000.0,74,614,151552,246,-5.608997958898544,0.13198722898960114,730,0.08759765625,0.2623991976492107,0.9835560917854309,-0.007292063202476129,0.489385187625885,0.0001,0.00909682,0.2
6.825594425201416,2000.0,75,613,153600,250,-5.607853990793228,0.013088919222354889,740,0.0365234375,0.13871808610856534,0.9830083250999451,-0.00402187874133233,0.6967709064483643,0.0001,0.004972308,0.2
6.78128719329834,2000.0,76,614,155648,253,-5.604885888099671,0.14035233855247498,750,0.05810546875,0.2653283095918596,0.9823958873748779,-0.004923478339333087,0.5569231510162354,0.0001,0.005562932,0.2
6.859786033630371,2000.0,77,614,157696,256,-5.601450914144516,-0.022406861186027527,760,0.045361328125,0.15561681292019786,0.9807631373405457,-0.0044393842516001316,0.6124001741409302,0.0001,0.004587051,0.2
6.875132083892822,2000.0,78,613,159744,260,-5.5928743302822115,-0.028856389224529266,770,0.050537109375,0.133641989226453,0.9782905578613281,-0.005707089783390984,0.6363697052001953,0.0001,0.0066819955,0.2
6.738470554351807,2000.0,79,613,161792,263,-5.586516934633255,-0.011417418718338013,780,0.04404296875,0.20459940927103162,0.9780263900756836,-0.0033351622652844524,0.34233975410461426,0.0001,0.005153344,0.2
6.661788463592529,2000.0,80,614,163840,266,-5.585750311613083,0.0075872913002967834,790,0.0265625,0.18450611564330757,0.9776512384414673,-0.0030637302697869018,0.54340660572052,0.0001,0.004426989,0.2
6.699042320251465,2000.0,81,615,165888,269,-5.586507284641266,-0.013900291174650192,800,0.05546875,0.22817145315930248,0.9786968231201172,-0.003780279635975603,0.2285395860671997,0.0001,0.0067706597,0.2
6.4891886711120605,2000.0,82,614,167936,273,-5.590370786190033,-0.016555629670619965,810,0.04287109375,0.18322426374070347,0.9793940186500549,-0.003640511617413722,0.6545408964157104,0.0001,0.0056868214,0.2
6.583773612976074,2000.0,83,614,169984,276,-5.595653569698333,0.06736308336257935,820,0.08544921875,0.18468173439614474,0.9813591241836548,-0.006240880995756015,0.5143635869026184,0.0001,0.006870401,0.2
6.751591205596924,2000.0,84,614,172032,279,-5.604516303539276,-0.00721137598156929,830,0.02607421875,0.09661142686381936,0.9839084148406982,-0.003120393586868886,0.6772217750549316,0.0001,0.0057217963,0.2
6.821897506713867,2000.0,85,615,174080,282,-5.611808925867081,-0.015161238610744476,840,0.074072265625,0.19955688677728176,0.9843496084213257,-0.00530582380888518,0.6825252771377563,0.0001,0.008722512,0.2
6.86387825012207,2000.0,86,613,176128,286,-5.61247171163559,0.02644197642803192,850,0.076171875,0.166879487875849,0.9845377206802368,-0.007003017564420589,0.5511913895606995,0.0001,0.007780711,0.2
6.9340667724609375,2000.0,87,614,178176,290,-5.6140026450157166,0.0035853832960128784,860,0.057958984375,0.16781500480137765,0.985104501247406,-0.006075343149132095,0.6989375352859497,0.0001,0.0061888704,0.2
7.005387306213379,2000.0,88,614,180224,293,-5.616899210214615,-0.010292045772075653,870,0.064892578125,0.2297460307367146,0.9857306480407715,-0.007232088269665838,0.3840497136116028,0.0001,0.0065086917,0.2
7.088596820831299,2000.0,89,614,182272,296,-5.617186516523361,0.010703764855861664,880,0.029150390625,0.1218869848176837,0.9851281046867371,-0.0034985204023541884,0.688966691493988,0.0001,0.004911459,0.2
7.151244640350342,2000.0,90,613,184320,300,-5.614786148071289,-0.017252016812562943,890,0.1126953125,0.19545874716714023,0.9846509099006653,-0.008195103047182784,0.6305025815963745,0.0001,0.00625971,0.2
7.206884860992432,2000.0,91,613,186368,303,-5.61247444152832,-0.017601028084754944,900,0.045166015625,0.17431873911991716,0.9839306473731995,-0.0041027865692740305,0.6053131818771362,0.0001,0.005106631,0.2
7.283175945281982,2000.0,92,614,188416,306,-5.607216185331344,-0.0334509015083313,910,0.045654296875,0.11509494697675109,0.9819564819335938,-0.00447871558717452,0.7495464086532593,0.0001,0.0052665067,0.2
7.351856231689453,2000.0,93,614,190464,310,-5.603281706571579,-0.029778987169265747,920,0.046044921875,0.10155526003800333,0.9825126528739929,-0.004326469206716865,0.7604408264160156,0.0001,0.0046809483,0.2
7.391910552978516,2000.0,94,613,192512,313,-5.603162121772766,0.0001363009214401245,930,0.0740234375,0.0909172423183918,0.9814621806144714,-0.006437902152538299,0.8137233257293701,0.0001,0.0073547233,0.2
7.4456939697265625,2000.0,95,614,194560,316,-5.599301713705063,-0.04221273586153984,940,0.063623046875,0.08683076545130461,0.9808691740036011,-0.005609981104498729,0.741982102394104,0.0001,0.006244547,0.2
7.4005327224731445,2000.0,96,614,196608,319,-5.598814928531647,-0.030800364911556244,950,0.028271484375,0.09833214906975626,0.9813295602798462,-0.0040046477719442915,0.8229441046714783,0.0001,0.0042162295,0.2
7.480311393737793,2000.0,97,614,198656,323,-5.604295545816422,0.04212868958711624,960,0.083203125,0.12164598042145372,0.9832780361175537,-0.006647699326276779,0.7317737340927124,0.0001,0.006422731,0.2
7.36138916015625,2000.0,98,614,200704,326,-5.61153946518898,-0.04278726875782013,970,0.0455078125,0.0848377981223166,0.985121488571167,-0.004731548379641026,0.8532967567443848,0.0001,0.0063288203,0.2
7.0987396240234375,2000.0,99,614,202752,329,-5.616358774900436,0.02671825885772705,980,0.07822265625,0.1481896339915693,0.9851241111755371,-0.0073775490105617795,0.7258502244949341,0.0001,0.007976178,0.2
7.35366678237915,2000.0,100,615,204800,333,-5.618271368741989,-0.00015598535537719727,990,0.08681640625,0.11821407303214074,0.9870115518569946,-0.007185510697308928,0.7289597988128662,0.0001,0.00967503,0.2
7.385507583618164,2000.0,101,613,206848,336,-5.6267650663852695,-0.039943307638168335,1000,0.042236328125,0.042332202079705894,0.9887589812278748,-0.004808538887300528,0.8522797226905823,0.0001,0.005136323,0.2
7.398738861083984,2000.0,102,614,208896,340,-5.628750437498093,-0.038148149847984314,1010,0.0408203125,0.08531089685857296,0.9875329732894897,-0.004359842164558358,0.8428153395652771,0.0001,0.0060150935,0.2
7.393764019012451,2000.0,103,614,210944,343,-5.629670554399491,-0.033950723707675934,1020,0.04736328125,0.08501337403431534,0.9898308515548706,-0.004863369895610958,0.8457382917404175,0.0001,0.0045935307,0.2
7.4353556632995605,2000.0,104,615,212992,346,-5.6340656757354735,-0.0442790612578392,1030,0.02236328125,0.04390174534637481,0.9892148375511169,-0.004248535647639074,0.9069831967353821,0.0001,0.0049835155,0.2
7.435612201690674,2000.0,105,614,215040,350,-5.633277255296707,-0.03232688829302788,1040,0.028857421875,0.05894005913287401,0.9898689985275269,-0.002699133235728368,0.887701153755188,0.0001,0.0052762697,0.2
7.479985237121582,2000.0,106,614,217088,353,-5.635265290737152,-0.033521756529808044,1050,0.049169921875,0.06515702288597822,0.9899431467056274,-0.005745050506084226,0.9329902529716492,0.0001,0.0058146864,0.2
7.486786365509033,2000.0,107,614,219136,356,-5.632157546281815,-0.05357774347066879,1060,0.070458984375,0.0608753985259682,0.9882327318191528,-0.006499210186302662,0.9462083578109741,0.0001,0.0074951034,0.2
7.621358871459961,2000.0,108,615,221184,359,-5.626360964775086,-0.02041773870587349,1070,0.09814453125,0.06676185661926866,0.9872549772262573,-0.008756957150762901,0.8619837164878845,0.0001,0.008882228,0.2
7.897097587585449,2000.0,109,614,223232,363,-5.624214714765548,-0.03703416883945465,1080,0.040966796875,0.0974298829678446,0.9873245358467102,-0.003413004885078408,0.7893884778022766,0.0001,0.0058580227,0.2
7.806064605712891,2000.0,110,614,225280,366,-5.626925092935562,-0.02698129042983055,1090,0.060986328125,0.08065342144109308,0.9887329339981079,-0.005473963959957473,0.8602292537689209,0.0001,0.004949102,0.2
7.835162162780762,2000.0,111,615,227328,369,-5.6284860372543335,-0.030158229172229767,1100,0.022265625,0.14197669010609387,0.9873089790344238,-0.0031637835782021284,0.9334367513656616,0.0001,0.0054504396,0.2
7.85977840423584,2000.0,112,615,229376,372,-5.623356872797013,-0.020441915839910507,1110,0.04267578125,0.10966333253309131,0.987154483795166,-0.004234401558642275,0.9180721044540405,0.0001,0.0069609424,0.2
8.006019592285156,2000.0,113,614,231424,376,-5.626138591766358,-0.04778342694044113,1120,0.088525390625,0.04914790350012481,0.9886981248855591,-0.007956832306808792,0.9032495021820068,0.0001,0.006459751,0.2
8.024648666381836,2000.0,114,615,233472,379,-5.633307749032975,-0.04373112693428993,1130,0.064794921875,0.05067154346033931,0.9905151128768921,-0.006822637945879251,0.8968320488929749,0.0001,0.0060383775,0.2
8.087088584899902,2000.0,115,615,235520,382,-5.639143633842468,-0.03484448790550232,1140,0.021142578125,0.09623871822841465,0.991215705871582,-0.002426717558410019,0.8971342444419861,0.0001,0.003518702,0.2
8.252888679504395,2000.0,116,615,237568,386,-5.642062431573867,-0.036831870675086975,1150,0.059033203125,0.11036338293924927,0.9922120571136475,-0.006557213721680455,0.812483012676239,0.0001,0.006875988,0.2
8.248568534851074,2000.0,117,615,239616,389,-5.64499084353447,-0.04322539642453194,1160,0.03291015625,0.038315099151805046,0.9926178455352783,-0.004402081295847893,0.9595249891281128,0.0001,0.004922079,0.2
8.2610502243042,2000.0,118,615,241664,392,-5.649260938167572,-0.05610259622335434,1170,0.097802734375,0.03425152814015746,0.9944732189178467,-0.009556762059219182,0.9131938815116882,0.0001,0.007925856,0.2
8.538786888122559,2000.0,119,615,243712,395,-5.654411447048187,-0.009344533085823059,1180,0.054541015625,0.11986946854740381,0.9950522184371948,-0.00515887942747213,0.8684093952178955,0.0001,0.0051383027,0.2
8.5264892578125,2000.0,120,614,245760,399,-5.653354209661484,-0.02689414843916893,1190,0.038232421875,0.07840558448806405,0.9937117099761963,-0.0035739126964472235,0.8104414939880371,0.0001,0.006265364,0.2
8.521808624267578,2000.0,121,614,247808,403,-5.649361658096313,-0.020961984992027283,1200,0.03662109375,0.1106037526857108,0.9935517311096191,-0.0039054874159774045,0.8024566173553467,0.0001,0.004734532,0.2
8.583349227905273,2000.0,122,614,249856,406,-5.648833632469177,-0.012422561645507812,1210,0.055078125,0.11438802629709244,0.9931920766830444,-0.005116786423604936,0.7987929582595825,0.0001,0.0059043732,0.2
8.728038787841797,2000.0,123,614,251904,409,-5.647872334718704,-0.029856214299798012,1220,0.077490234375,0.05672747604548931,0.9932540655136108,-0.006454848061548546,0.8937166929244995,0.0001,0.0066066384,0.2
8.887052536010742,2000.0,124,613,253952,413,-5.647349613904953,-0.033407047390937805,1230,0.059326171875,0.12328647938556969,0.9932900071144104,-0.005757521024497692,0.841782808303833,0.0001,0.005186639,0.2
8.840262413024902,2000.0,125,613,256000,417,-5.6484017968177795,-0.05155312269926071,1240,0.0734375,0.05365713750943542,0.9936375617980957,-0.0062107451958581805,0.8792360424995422,0.0001,0.0072826985,0.2
9.02341365814209,2000.0,126,613,258048,420,-5.647092658281326,-0.030789893120527267,1250,0.045849609375,0.12919097025878729,0.9917588233947754,-0.004525774490321055,0.8350309133529663,0.0001,0.00519976,0.2
9.009471893310547,2000.0,127,613,260096,424,-5.639998763799667,-0.027705267071723938,1260,0.066650390625,0.06495193680748343,0.9912319779396057,-0.005009693512693048,0.8947167992591858,0.0001,0.00548892,0.2
9.121238708496094,2000.0,128,612,262144,427,-5.6397193431854244,-0.011263720691204071,1270,0.071484375,0.12717922357842326,0.9913969039916992,-0.00611433838494122,0.7955628633499146,0.0001,0.0063178316,0.2
9.132372856140137,2000.0,129,613,264192,430,-5.639335745573044,-0.04377611353993416,1280,0.034765625,0.05455657441634685,0.9906057119369507,-0.003087359300116077,0.9240490198135376,0.0001,0.005362413,0.2
9.297311782836914,2000.0,130,612,266240,434,-5.635973781347275,-0.019979052245616913,1290,0.05478515625,0.058662535762414335,0.9903169870376587,-0.004901400618109619,0.9574413299560547,0.0001,0.007492464,0.2
9.423397064208984,2000.0,131,611,268288,438,-5.636517781019211,-0.03792521357536316,1300,0.02236328125,0.07480936634819954,0.9906647801399231,-0.0030601227714214473,0.7601099014282227,0.0001,0.0044425298,0.2
9.579288482666016,2000.0,132,611,270336,442,-5.636608624458313,-0.04403574764728546,1310,0.029296875,0.07299689175561071,0.9899366497993469,-0.002276933824759908,0.8793953657150269,0.0001,0.006100758,0.2
9.717251777648926,2000.0,133,611,272384,445,-5.632783150672912,-0.041189469397068024,1320,0.077587890625,0.04632414011284709,0.9889481067657471,-0.0066581753024365755,0.9304713010787964,0.0001,0.008332996,0.2
9.776322364807129,2000.0,134,611,274432,449,-5.629926705360413,-0.032641369849443436,1330,0.037744140625,0.0629897533915937,0.9888894557952881,-0.002975403514574282,0.8745858669281006,0.0001,0.004782882,0.2
9.769630432128906,2000.0,135,611,276480,452,-5.62948887348175,-0.050780005753040314,1340,0.0822265625,0.043643289571627976,0.9886585474014282,-0.007036923340638168,0.862167477607727,0.0001,0.007053037,0.2
9.765786170959473,2000.0,136,611,278528,455,-5.629806554317474,-0.006296619772911072,1350,0.055859375,0.07213796875439585,0.9893567562103271,-0.00455060523818247,0.9380741715431213,0.0001,0.0063412027,0.2
9.841017723083496,2000.0,137,611,280576,458,-5.630564570426941,-0.030417336151003838,1360,0.029345703125,0.07735428167507052,0.9881646037101746,-0.003948004089761525,0.9514864683151245,0.0001,0.00649981,0.2
9.896038055419922,2000.0,138,610,282624,462,-5.627021563053131,-0.043812625110149384,1370,0.077587890625,0.06821767208166421,0.9882466793060303,-0.0055545262934174385,0.9275243282318115,0.0001,0.008930984,0.2
9.87452507019043,2000.0,139,611,284672,465,-5.627688449621201,-0.05290181189775467,1380,0.07509765625,0.05262610404752195,0.9884098768234253,-0.00856495505431667,0.9202411770820618,0.0001,0.006798014,0.2
9.931960105895996,2000.0,140,611,286720,468,-5.626878297328949,-0.035408128052949905,1390,0.029248046875,0.06496708439663053,0.9876078367233276,-0.003648751912987791,0.8842726349830627,0.0001,0.0053211274,0.2
10.292223930358887,2000.0,141,612,288768,471,-5.6258632183074955,-0.04803548753261566,1400,0.058447265625,0.041044975514523685,0.9880664348602295,-0.005191994691267609,0.8900436758995056,0.0001,0.0057951435,0.2
10.304985046386719,2000.0,142,610,290816,476,-5.625742727518082,-0.040382400155067444,1410,0.03466796875,0.0565260402392596,0.9873492121696472,-0.003261977678630501,0.9472614526748657,0.0001,0.004175283,0.2
10.334176063537598,2000.0,143,610,292864,479,-5.626123863458633,-0.040822651237249374,1420,0.04443359375,0.04090350375045091,0.9888319373130798,-0.0031659169311751612,0.942062258720398,0.0001,0.0055312826,0.2
10.460000991821289,2000.0,144,611,294912,482,-5.631569588184357,-0.05082343518733978,1430,0.019873046875,0.03156092553399503,0.9895040988922119,-0.00266828928142786,0.9261924028396606,0.0001,0.0023471694,0.2
10.383197784423828,2000.0,145,611,296960,485,-5.635616499185562,-0.0457274429500103,1440,0.0388671875,0.039139522868208584,0.9914419651031494,-0.004864553868537768,0.9374035000801086,0.0001,0.0046913363,0.2
10.407057762145996,2000.0,146,610,299008,489,-5.6394193232059475,-0.024651404470205307,1450,0.061279296875,0.08911204156465828,0.9901494383811951,-0.005423505284124985,0.8798160552978516,0.0001,0.008555079,0.2
10.826192855834961,2000.0,147,610,301056,492,-5.6342144250869755,-0.02442105859518051,1460,0.043359375,0.11851606769487262,0.9898706674575806,-0.0043770999036496505,0.9505793452262878,0.0001,0.005525831,0.2
10.843001365661621,2000.0,148,610,303104,496,-5.633729767799378,-0.011969417333602905,1470,0.057568359375,0.09698924026452005,0.9897095561027527,-0.0058373049309011545,0.9446204304695129,0.0001,0.006970296,0.2
10.869760513305664,2000.0,149,610,305152,499,-5.633335417509079,-0.029633719474077225,1480,0.067919921875,0.08816203782334923,0.9895831942558289,-0.005520674050785601,0.9382457733154297,0.0001,0.008259691,0.2
10.888287544250488,2000.0,150,610,307200,503,-5.637164801359177,-0.048200495541095734,1490,0.05439453125,0.0593302657129243,0.9923860430717468,-0.004205077228834853,0.9215711951255798,0.0001,0.0067155706,0.2
10.890554428100586,2000.0,151,610,309248,506,-5.646922165155411,-0.032629527151584625,1500,0.03818359375,0.05616671717725694,0.9932775497436523,-0.003630703018279746,0.9508548974990845,0.0001,0.004813888,0.2
10.887604713439941,2000.0,152,610,311296,509,-5.6466582179069515,-0.03927726671099663,1510,0.020263671875,0.045299635641276835,0.992483377456665,-0.002506082305626478,0.949457049369812,0.0001,0.0033141328,0.2
10.87563705444336,2000.0,153,610,313344,513,-5.645576333999633,-0.026510611176490784,1520,0.0703125,0.15302301673218607,0.9932292699813843,-0.006950188914197497,0.9365726113319397,0.0001,0.007596864,0.2
11.069971084594727,2000.0,154,610,315392,516,-5.646581935882568,-0.03614981099963188,1530,0.048486328125,0.13586029633879662,0.992346465587616,-0.0047633117937948555,0.8646130561828613,0.0001,0.0059245946,0.2
11.061420440673828,2000.0,155,610,317440,519,-5.642154175043106,-0.03655277192592621,1540,0.05087890625,0.06458062608726323,0.9912176728248596,-0.0054939106834353876,0.9201000928878784,0.0001,0.005450541,0.2
11.075641632080078,2000.0,156,611,319488,522,-5.640063816308976,-0.055329784750938416,1550,0.045849609375,0.04003055584616959,0.991894006729126,-0.00476949006842915,0.9535565972328186,0.0001,0.0063584,0.2
11.134844779968262,2000.0,157,610,321536,526,-5.640638285875321,-0.053154535591602325,1560,0.034130859375,0.04489503849763423,0.9905842542648315,-0.0043225931964116174,0.9430751800537109,0.0001,0.005523471,0.2
11.131673812866211,2000.0,158,610,323584,529,-5.636612510681152,-0.04875030368566513,1570,0.058251953125,0.07510364479385316,0.9902696013450623,-0.006297770506353118,0.8475663661956787,0.0001,0.006943248,0.2
11.124744415283203,2000.0,159,611,325632,532,-5.63382568359375,-0.051004547625780106,1580,0.0791015625,0.023899913218338044,0.9891136288642883,-0.007351503413519822,0.957099199295044,0.0001,0.008957362,0.2
11.12217903137207,2000.0,160,611,327680,536,-5.630919885635376,-0.02715141326189041,1590,0.056591796875,0.04443081400822848,0.9889434576034546,-0.005312119858717779,0.9350345730781555,0.0001,0.007202994,0.2
11.046307563781738,2000.0,161,610,329728,540,-5.630297762155533,-0.03886941075325012,1600,0.069775390625,0.08969795764423907,0.9888837933540344,-0.007236950704827905,0.8659681081771851,0.0001,0.0066375663,0.2
11.052001953125,2000.0,162,610,331776,543,-5.627695912122727,-0.0500938855111599,1610,0.041064453125,0.0691911383997649,0.9871506690979004,-0.0053217603970551865,0.8752079010009766,0.0001,0.004869619,0.2
11.416093826293945,2000.0,163,611,333824,546,-5.624417048692703,-0.020066332072019577,1620,0.073388671875,0.08373209526762367,0.9884156584739685,-0.007340460529667326,0.7866542935371399,0.0001,0.0075788368,0.2
11.420321464538574,2000.0,164,610,335872,550,-5.631112784147263,-0.05614377558231354,1630,0.03544921875,0.0477086883271113,0.9897130727767944,-0.0041914384346455336,0.8893678784370422,0.0001,0.0061534145,0.2
11.391343116760254,2000.0,165,610,337920,553,-5.636080425977707,-0.040678754448890686,1640,0.01142578125,0.05009793500648811,0.9912636280059814,-0.0022827767810667866,0.9386518597602844,0.0001,0.0038104022,0.2
11.399688720703125,2000.0,166,610,339968,556,-5.642289859056473,0.0024369023740291595,1650,0.010986328125,0.16073339954018592,0.992691159248352,-0.0010654363199137152,0.6201021671295166,0.0001,0.004795693,0.2
11.351910591125488,2000.0,167,611,342016,559,-5.648309886455536,-0.04050479829311371,1660,0.03623046875,0.09494362329132855,0.9945917129516602,-0.0038105289917439223,0.7980455160140991,0.0001,0.0052658375,0.2
11.187254905700684,2000.0,168,610,344064,563,-5.654096138477326,-0.0488002672791481,1670,0.034130859375,0.06520902565680445,0.9949253797531128,-0.002500744047574699,0.8403246402740479,0.0001,0.004327716,0.2
11.091669082641602,2000.0,169,610,346112,566,-5.655490535497665,-0.038390517234802246,1680,0.101123046875,0.0603361077606678,0.9954212307929993,-0.009948316036025062,0.9129874110221863,0.0001,0.0078308955,0.2
11.091845512390137,2000.0,170,611,348160,569,-5.655270338058472,-0.0544266514480114,1690,0.0640625,0.048045641521457585,0.9944446086883545,-0.00585448948550038,0.9338130950927734,0.0001,0.006432639,0.2
11.2291898727417,2000.0,171,611,350208,572,-5.65112926363945,-0.05777634680271149,1700,0.0849609375,0.03983439630828798,0.9939875602722168,-0.007056606025435031,0.8982973694801331,0.0001,0.010091251,0.2
11.21368408203125,2000.0,172,610,352256,576,-5.652851128578186,-0.06034671515226364,1710,0.04658203125,0.017949568037874997,0.9954233169555664,-0.0040069285285426305,0.9601850509643555,0.0001,0.004467006,0.2
11.305438995361328,2000.0,173,610,354304,580,-5.653585737943649,-0.049352824687957764,1720,0.03056640625,0.038056672434322536,0.9936636686325073,-0.004127610166324303,0.9077216386795044,0.0001,0.0047766753,0.2
11.31661605834961,2000.0,174,610,356352,583,-5.64581144452095,-0.0443979874253273,1730,0.044091796875,0.05315532586537301,0.9920341968536377,-0.005602873346651905,0.9110782742500305,0.0001,0.005722671,0.2
11.374736785888672,2000.0,175,610,358400,587,-5.642301398515701,-0.056685879826545715,1740,0.066845703125,0.03460219528060406,0.9916563630104065,-0.006937363746692427,0.9508826732635498,0.0001,0.0070340205,0.2
11.345904350280762,2000.0,176,610,360448,590,-5.6429308116436,-0.03680001199245453,1750,0.0349609375,0.08734302264638245,0.9928598999977112,-0.005027368548326194,0.9411256909370422,0.0001,0.0043643825,0.2
11.483794212341309,2000.0,177,610,362496,593,-5.647409754991531,-0.038552410900592804,1760,0.069482421875,0.10172631326131523,0.9936153292655945,-0.006669588529621251,0.8706337809562683,0.0001,0.008574927,0.2
11.527717590332031,2000.0,178,610,364544,597,-5.6504317104816435,-0.021147504448890686,1770,0.08173828125,0.07894278089515865,0.9944302439689636,-0.00544680590974167,0.9198856949806213,0.0001,0.007277349,0.2
11.775809288024902,2000.0,179,609,366592,601,-5.652068459987641,-0.04333225637674332,1780,0.053369140625,0.06377978292293847,0.9941309094429016,-0.006223262989078648,0.8963866829872131,0.0001,0.0066955145,0.2
11.747371673583984,2000.0,180,609,368640,604,-5.649927121400833,-0.04528366029262543,1790,0.0431640625,0.03170393221080303,0.9928802251815796,-0.0035141857850248927,0.9239606857299805,0.0001,0.0072438926,0.2
11.748908996582031,2000.0,181,610,370688,607,-5.644357132911682,-0.05274379253387451,1800,0.035107421875,0.04022711159195751,0.9921703338623047,-0.004930660838726908,0.915056049823761,0.0001,0.005568019,0.2
11.738727569580078,2000.0,182,610,372736,610,-5.63959242105484,-0.038641247898340225,1810,0.04580078125,0.08638319591991603,0.990181565284729,-0.004330643272260204,0.904880702495575,0.0001,0.00813042,0.2
11.749480247497559,2000.0,183,609,374784,614,-5.633829200267792,-0.039360757917165756,1820,0.0271484375,0.11469741384498774,0.9902065992355347,-0.001834403901011683,0.9554433226585388,0.0001,0.0032590665,0.2
11.788817405700684,2000.0,184,609,376832,618,-5.634037655591965,-0.03937797248363495,1830,0.029052734375,0.08618994590360671,0.989681601524353,-0.002267842835863121,0.960883378982544,0.0001,0.0054210275,0.2
11.777012825012207,2000.0,185,609,378880,621,-5.6298780798912045,-0.06191644072532654,1840,0.046142578125,0.06900005384813994,0.988288164138794,-0.005107433337252587,0.9358928203582764,0.0001,0.006861974,0.2
11.775461196899414,2000.0,186,609,380928,624,-5.625362914800644,-0.03843408077955246,1850,0.035791015625,0.05433020861819386,0.9875533580780029,-0.0033544761943630876,0.9354209303855896,0.0001,0.004964846,0.2
11.764659881591797,2000.0,187,609,382976,628,-5.622722464799881,-0.06339344382286072,1860,0.09228515625,0.02607837934046984,0.9869363307952881,-0.007619785197312013,0.9272363185882568,0.0001,0.0078988485,0.2
11.773813247680664,2000.0,188,609,385024,631,-5.618268358707428,-0.03333120793104172,1870,0.028271484375,0.04218975682742894,0.9846059679985046,-0.002374740003142506,0.953890323638916,0.0001,0.004644996,0.2
11.777301788330078,2000.0,189,610,387072,634,-5.611974519491196,-0.024340122938156128,1880,0.031201171875,0.09187990911304951,0.9851011633872986,-0.0023394285832182503,0.9137323498725891,0.0001,0.005628688,0.2
11.7673978805542,2000.0,190,609,389120,638,-5.616493141651153,-0.04527323320508003,1890,0.056396484375,0.06335132620297372,0.9866155982017517,-0.005524689005687833,0.9402971863746643,0.0001,0.0066086305,0.2
11.755343437194824,2000.0,191,609,391168,641,-5.622241824865341,-0.041013918817043304,1900,0.0298828125,0.07127315094694495,0.9875355958938599,-0.003143483275198378,0.9536252021789551,0.0001,0.004173887,0.2
11.791230201721191,2000.0,192,609,393216,645,-5.6253674805164335,-0.05327286943793297,1910,0.0328125,0.043876338272821155,0.9884682893753052,-0.0028722737304633485,0.9458524584770203,0.0001,0.0057749716,0.2
11.80874252319336,2000.0,193,609,395264,648,-5.629119366407394,-0.055093616247177124,1920,0.0390625,0.03117854786105454,0.9892221689224243,-0.005075374609441496,0.9615070223808289,0.0001,0.0067389533,0.2
11.909438133239746,2000.0,194,608,397312,652,-5.632909607887268,-0.05440482124686241,1930,0.024169921875,0.022338351514190436,0.9903103113174438,-0.003427259542513639,0.9578085541725159,0.0001,0.005456199,0.2
11.898848533630371,2000.0,195,608,399360,656,-5.636520087718964,-0.04176530987024307,1940,0.06201171875,0.04955156007781625,0.9907733201980591,-0.005300238926429302,0.9214987754821777,0.0001,0.0057489555,0.2
12.083438873291016,2000.0,196,608,401408,659,-5.636651015281677,-0.04204222187399864,1950,0.060546875,0.04349658191204071,0.9903430938720703,-0.005346665222896263,0.8763281106948853,0.0001,0.0063416283,0.2
12.463391304016113,2000.0,197,608,403456,662,-5.636086630821228,-0.03652467578649521,1960,0.038818359375,0.052300598472356796,0.9907900094985962,-0.0038398581848014144,0.8597762584686279,0.0001,0.0049639894,0.2
12.490516662597656,2000.0,198,608,405504,666,-5.638595855236053,-0.031907498836517334,1970,0.071142578125,0.054728005453944205,0.9916427731513977,-0.006579294294351712,0.9450595378875732,0.0001,0.0068699066,0.2
12.545602798461914,2000.0,199,608,407552,669,-5.640522140264511,-0.02992820367217064,1980,0.026806640625,0.08414298510178923,0.991264283657074,-0.0033399166102753954,0.9035839438438416,0.0001,0.0064753224,0.2
12.529491424560547,2000.0,200,608,409600,672,-5.641086661815644,-0.0402301587164402,1990,0.03232421875,0.03924971157684922,0.992450475692749,-0.002950822899583727,0.9425724744796753,0.0001,0.0052213394,0.2
12.510106086730957,2000.0,201,608,411648,676,-5.641154110431671,-0.05502750352025032,2000,0.06845703125,0.037237872323021295,0.9905840158462524,-0.0064038680662633855,0.9264369010925293,0.0001,0.006882756,0.2
12.5274076461792,2000.0,202,608,413696,679,-5.634662562608719,-0.012537937611341476,2010,0.05322265625,0.07282362347468734,0.9901201725006104,-0.003820741956587881,0.896098256111145,0.0001,0.0058311494,0.2
12.53828239440918,2000.0,203,608,415744,683,-5.63386150598526,-0.03754643350839615,2020,0.025390625,0.08284719667863101,0.9893977046012878,-0.0034440926916431635,0.8969955444335938,0.0001,0.0056650597,0.2
12.523575782775879,2000.0,204,608,417792,686,-5.63242074251175,-0.05067604035139084,2030,0.045751953125,0.043030904186889526,0.9902004599571228,-0.0038990663102595135,0.9602962732315063,0.0001,0.0072165173,0.2
12.523882865905762,2000.0,205,608,419840,690,-5.635406446456909,-0.012444993481040001,2040,0.01943359375,0.05405527951661497,0.9900692105293274,-0.001305928299552761,0.9346119165420532,0.0001,0.006113398,0.2
12.513387680053711,2000.0,206,608,421888,693,-5.630669671297073,-0.055762141942977905,2050,0.069384765625,0.034331640554592015,0.9879173636436462,-0.0068815061473287645,0.936092734336853,0.0001,0.005644531,0.2
12.529640197753906,2000.0,207,608,423936,696,-5.62334913611412,-0.049291446805000305,2060,0.04814453125,0.030477375269401818,0.9868388175964355,-0.003229267310234718,0.9273949861526489,0.0001,0.008018134,0.2
12.625282287597656,2000.0,208,607,425984,701,-5.620897358655929,-0.04487984627485275,2070,0.0453125,0.03555833996506408,0.9867315292358398,-0.003468265078117838,0.9300850629806519,0.0001,0.005687859,0.2
12.738119125366211,2000.0,209,607,428032,704,-5.6221495270729065,-0.06614967435598373,2080,0.030615234375,0.013415814214386045,0.9875098466873169,-0.00493664518580772,0.9722611308097839,0.0001,0.0048870854,0.2
12.749338150024414,2000.0,210,607,430080,707,-5.623955637216568,-0.05266469717025757,2090,0.050390625,0.048856730910483745,0.9873446822166443,-0.0037104786140844228,0.9308605194091797,0.0001,0.007492308,0.2
12.746563911437988,2000.0,211,608,432128,710,-5.6221567511558534,-0.04729121923446655,2100,0.051318359375,0.07395306858234107,0.986587405204773,-0.004473657277412712,0.865261971950531,0.0001,0.0053318758,0.2
12.723215103149414,2000.0,212,607,434176,714,-5.619085139036178,-0.04933119937777519,2110,0.07412109375,0.02915254347026348,0.985970139503479,-0.006940508332627359,0.9384032487869263,0.0001,0.0062076966,0.2
12.664721488952637,2000.0,213,607,436224,717,-5.619460678100586,-0.02733663097023964,2120,0.067626953125,0.0659955520182848,0.9874708652496338,-0.007022445875918493,0.9106011390686035,0.0001,0.0061205695,0.2
12.69725227355957,2000.0,214,607,438272,720,-5.625053799152374,-0.05499332398176193,2130,0.080224609375,0.09964492036961019,0.9881791472434998,-0.006528401999094058,0.845072865486145,0.0001,0.008067721,0.2
12.714008331298828,2000.0,215,608,440320,724,-5.627217382192612,-0.023414839059114456,2140,0.05166015625,0.10026906714774668,0.9885585308074951,-0.004343315219739452,0.92876136302948,0.0001,0.007210452,0.2
12.728460311889648,2000.0,216,607,442368,728,-5.631269448995591,-0.05769173800945282,2150,0.0490234375,0.06735771007370203,0.9909926652908325,-0.005230804294114932,0.8740362524986267,0.0001,0.0062618745,0.2
12.743430137634277,2000.0,217,607,444416,731,-5.636403787136078,-0.03937022015452385,2160,0.06884765625,0.05008269010577351,0.9894065260887146,-0.0071875176479807125,0.9221027493476868,0.0001,0.008575573,0.2
12.74334716796875,2000.0,218,607,446464,734,-5.63027960062027,-0.042348042130470276,2170,0.01533203125,0.06555619123391807,0.9888744354248047,-0.003157241316512227,0.9601670503616333,0.0001,0.004381395,0.2
12.750109672546387,2000.0,219,608,448512,737,-5.63075464963913,-0.033282600343227386,2180,0.01318359375,0.11821610471233726,0.990180492401123,-0.001970856075058691,0.9592251181602478,0.0001,0.0027797983,0.2
12.693877220153809,2000.0,220,607,450560,741,-5.632885146141052,-0.027449876070022583,2190,0.08134765625,0.07080000936985016,0.9888933897018433,-0.0075744691537693145,0.9199106693267822,0.0001,0.008087007,0.2
12.686967849731445,2000.0,221,607,452608,744,-5.629103183746338,-0.031873561441898346,2200,0.029345703125,0.0786066158208996,0.9890561699867249,-0.002793071055202745,0.9105714559555054,0.0001,0.0037236463,0.2
12.671521186828613,2000.0,222,607,454656,747,-5.634119147062302,-0.04483462870121002,2210,0.0314453125,0.07823365493677556,0.9919906854629517,-0.002900760812917724,0.9536495208740234,0.0001,0.0044265203,0.2
12.775899887084961,2000.0,223,607,456704,751,-5.647239255905151,-0.035320818424224854,2220,0.0505859375,0.04472694012802094,0.9947535991668701,-0.005433037981856614,0.9267712235450745,0.0001,0.0059207217,0.2
12.762713432312012,2000.0,224,607,458752,754,-5.6526993930339815,-0.056088536977767944,2230,0.076708984375,0.0513406919548288,0.9945014119148254,-0.006979784244322218,0.9452547430992126,0.0001,0.007244968,0.2
12.77064323425293,2000.0,225,607,460800,758,-5.6520887315273285,-0.03972291201353073,2240,0.022900390625,0.054281654255464676,0.9944949150085449,-0.003197485307464376,0.953342854976654,0.0001,0.0047569894,0.2
12.791474342346191,2000.0,226,608,462848,761,-5.654646307229996,-0.03939102962613106,2250,0.03466796875,0.05388335739262402,0.996049702167511,-0.0033494036499178035,0.9056063890457153,0.0001,0.0064057913,0.2
12.676268577575684,2000.0,227,607,464896,765,-5.6584180235862735,-0.029508624225854874,2260,0.023291015625,0.06485691079869867,0.9960115551948547,-0.0029725866625085473,0.8481061458587646,0.0001,0.004380504,0.2
12.689592361450195,2000.0,228,607,466944,768,-5.656672424077987,-0.034281663596630096,2270,0.052783203125,0.04943810538388789,0.9955137968063354,-0.005589080869685859,0.9439066648483276,0.0001,0.0057973964,0.2
12.799574851989746,2000.0,229,608,468992,771,-5.654608511924744,-0.03483448922634125,2280,0.063720703125,0.03391628416720778,0.9948294162750244,-0.005366544477874413,0.930375874042511,0.0001,0.008052129,0.2
12.833686828613281,2000.0,230,608,471040,774,-5.6559786081314085,-0.05597575381398201,2290,0.038720703125,0.021376052114646882,0.9964500069618225,-0.0033487593318568543,0.9663344621658325,0.0001,0.0052245827,0.2
12.83662223815918,2000.0,231,607,473088,778,-5.65971007347107,-0.05265577882528305,2300,0.039208984375,0.024852336407639085,0.996124267578125,-0.004924856088473461,0.9479581713676453,0.0001,0.0045104837,0.2
12.755970001220703,2000.0,232,608,475136,781,-5.6573419034481045,-0.035788726061582565,2310,0.03466796875,0.11878114205319434,0.9956251382827759,-0.004692172998329624,0.9506644010543823,0.0001,0.006732165,0.2
12.758872985839844,2000.0,233,608,477184,784,-5.65396020412445,-0.05594739317893982,2320,0.023486328125,0.0921319373883307,0.994009792804718,-0.002685059513896704,0.9568248391151428,0.0001,0.005112388,0.2
12.829034805297852,2000.0,234,608,479232,787,-5.650845259428024,-0.0488162562251091,2330,0.017138671875,0.03653415199369192,0.9949756860733032,-0.0017717240727506578,0.9615921974182129,0.0001,0.0039068777,0.2
12.808793067932129,2000.0,235,608,481280,791,-5.654751831293106,-0.047142960131168365,2340,0.04873046875,0.05378935810294934,0.9958473443984985,-0.0045580319565488026,0.9557403922080994,0.0001,0.005500513,0.2
12.802635192871094,2000.0,236,608,483328,794,-5.658465552330017,-0.044977813959121704,2350,0.0548828125,0.050474806153215465,0.996735692024231,-0.005444023007294163,0.9234305620193481,0.0001,0.007512629,0.2
12.818765640258789,2000.0,237,608,485376,797,-5.663734799623489,-0.052542127668857574,2360,0.04287109375,0.0311088937218301,0.9985740780830383,-0.003302558491122909,0.938826322555542,0.0001,0.0046703094,0.2
12.823280334472656,2000.0,238,608,487424,800,-5.667806178331375,-0.05711642652750015,2370,0.046826171875,0.027701541874557735,0.9983624815940857,-0.003124444105196744,0.9663057327270508,0.0001,0.0056508845,0.2
12.488337516784668,2000.0,239,608,489472,804,-5.6675396978855135,-0.039900317788124084,2380,0.056982421875,0.16433777105994524,0.9991884827613831,-0.005611493074684404,0.9058957099914551,0.0001,0.008467257,0.2
12.473102569580078,2000.0,240,608,491520,807,-5.669683569669724,-0.046628836542367935,2390,0.06669921875,0.07940244851633907,0.9985674023628235,-0.007789222517749295,0.876764714717865,0.0001,0.0064737177,0.2
12.475249290466309,2000.0,241,608,493568,811,-5.665479838848114,-0.05303576588630676,2400,0.05888671875,0.04906339349690825,0.9975413084030151,-0.004422357361181639,0.8406931757926941,0.0001,0.005423302,0.2
12.476783752441406,2000.0,242,608,495616,814,-5.658686107397079,-0.05309443920850754,2410,0.0759765625,0.02531740120612085,0.9951766729354858,-0.006636046734638512,0.9275120496749878,0.0001,0.0068767844,0.2
12.540580749511719,2000.0,243,608,497664,818,-5.655800491571426,-0.06155230849981308,2420,0.07802734375,0.01566233056364581,0.9964460134506226,-0.006545584875857458,0.9663405418395996,0.0001,0.006233113,0.2
12.561781883239746,2000.0,244,608,499712,821,-5.6608199834823605,-0.049527861177921295,2430,0.081787109375,0.050778940715827045,0.9973505735397339,-0.008110497955931351,0.8305158615112305,0.0001,0.0065235393,0.2
12.563329696655273,2000.0,245,608,501760,824,-5.663594192266464,-0.049076102674007416,2440,0.041845703125,0.0757060858886689,0.9976680874824524,-0.003537685450282879,0.9165396690368652,0.0001,0.0066360254,0.2
